{
  "runtime_ms" : 4023599,
  "runtime_minutes" : 67.05998333333334,
  "runtime_hours" : 1.117666388888889,
  "total_iot_cost_usd" : 0.3800065722222222,
  "total_energy_consumption_kwh" : 0.22617,
  "total_moved_data_mb" : 0,
  "total_vm_tasks_simulated" : 960,
  "number_of_vms_utilized" : 2
}