{
  "runtime_ms" : 3600001,
  "runtime_minutes" : 60.00001666666667,
  "runtime_hours" : 1.0000002777777777,
  "total_iot_cost_usd" : 0.34000009444444446,
  "total_energy_consumption_kwh" : 0.22617,
  "total_moved_data_mb" : 0,
  "total_vm_tasks_simulated" : 960,
  "number_of_vms_utilized" : 2
}