{
  "runtime_ms" : 3600001,
  "runtime_minutes" : 60.00001666666667,
  "runtime_hours" : 1.0000002777777777,
  "total_iot_cost_usd" : 0.6800001888888889,
  "total_energy_consumption_kwh" : 0.4598362426053333,
  "total_moved_data_mb" : 105510,
  "total_vm_tasks_simulated" : 1384,
  "number_of_vms_utilized" : 4
}