{
  "runtime_ms" : 4023599,
  "runtime_minutes" : 67.05998333333334,
  "runtime_hours" : 1.117666388888889,
  "total_iot_cost_usd" : 0.5141265388888889,
  "total_energy_consumption_kwh" : 0.456669875,
  "total_moved_data_mb" : 0,
  "total_vm_tasks_simulated" : 904,
  "number_of_vms_utilized" : 3
}